<?xml version='1.0' encoding='UTF-8' ?>
<timeLogEntries>
  <time id="1" path="/Proyecto/Minecraft/Planning" start="@1567867261158" delta="87" interrupt="1" />
  <time id="2" path="/Proyecto/Minecraft/Design" start="@1567873511049" delta="24" />
  <time id="3" path="/Proyecto/Minecraft/Design" start="@1568429324610" delta="63" />
  <time id="4" path="/Proyecto/Minecraft/Design" start="@1568470756495" delta="139" />
  <time id="5" path="/Proyecto/Minecraft/Design" start="@1568490671957" delta="57" />
  <time id="6" path="/Proyecto/Minecraft/Design" start="@1568495530278" delta="79" />
  <time id="7" path="/Proyecto/Minecraft/Code" start="@1568508625921" delta="21" />
  <time id="8" path="/Proyecto/Minecraft/Code" start="@1568513856620" delta="105" />
  <time id="9" path="/Proyecto/Minecraft/Code" start="@1568557690652" delta="66" />
  <time id="10" path="/Proyecto/Minecraft/Code" start="@1568565265644" delta="11" />
  <time id="11" path="/Proyecto/Minecraft/Code" start="@1568581048945" delta="129" interrupt="8" />
</timeLogEntries>
