<?xml version='1.0' encoding='UTF-8' ?>
<timeLogEntries>
  <time id="1" path="/Non Project/Cesar Canales/Planning" start="@1567812451248" delta="19" />
  <time id="2" path="/Non Project/Cesar Canales/Planning" start="@1567814022449" delta="73" />
  <time id="3" path="/Non Project/Cesar Canales/Planning" start="@1567866121177" delta="12" />
  <time id="4" path="/Non Project/Cesar Canales/Planning" start="@1567867239474" delta="6" />
  <time id="5" path="/Non Project/Cesar Canales/Planning" start="@1567870388209" delta="49" />
  <time id="6" path="/Non Project/Cesar Canales/Design" start="@1567873339582" delta="24" />
  <time id="7" path="/Non Project/Cesar Canales/Design" start="@1568393462293" delta="7" />
  <time id="8" path="/Non Project/Cesar Canales/Design" start="@1568402398078" delta="104" />
  <time id="9" path="/Non Project/Cesar Canales/Design" start="@1568409863916" delta="70" />
</timeLogEntries>
